Name,Parent Email,2nd Parent Email
Emma Johnson,emma.parent@email.com,emma.parent2@email.com
Liam Smith,liam.parent@email.com,
Olivia Brown,olivia.parent@email.com,olivia.parent2@email.com
Noah Davis,noah.parent@email.com,
Ava Wilson,ava.parent@email.com,ava.parent2@email.com
Ethan Martinez,jermiah.jerome@conversyai.com,
Sophia Anderson,sophia.parent@email.com,
Mason Taylor,mason.parent@email.com,mason.parent2@email.com
Isabella Thomas,isabella.parent@email.com,
Logan Moore,logan.parent@email.com,logan.parent2@email.com
Mia Jackson,mia.parent@email.com,
Lucas White,lucas.parent@email.com,lucas.parent2@email.com
Charlotte Harris,charlotte.parent@email.com,
Aiden Martin,aiden.parent@email.com,aiden.parent2@email.com
Amelia Thompson,amelia.parent@email.com,
Caden Garcia,caden.parent@email.com,caden.parent2@email.com
Harper Rodriguez,harper.parent@email.com,
Elijah Lewis,elijah.parent@email.com,elijah.parent2@email.com
Evelyn Lee,evelyn.parent@email.com,
James Walker,james.parent@email.com,james.parent2@email.com
Abigail Hall,abigail.parent@email.com,
Benjamin Allen,benjamin.parent@email.com,benjamin.parent2@email.com
Emily Young,emily.parent@email.com,
William King,william.parent@email.com,william.parent2@email.com
Elizabeth Wright,elizabeth.parent@email.com,
Michael Lopez,michael.parent@email.com,michael.parent2@email.com
Sofia Hill,sofia.parent@email.com,
Alexander Scott,alexander.parent@email.com,alexander.parent2@email.com
Ella Green,ella.parent@email.com,
Daniel Adams,daniel.parent@email.com,daniel.parent2@email.com
